,player_id,season,team_x,tournament,apps,mins,goals,assists,yels,reds,shoots_per_game,pass_success,overall_ratings,tackles,intercepts,fouls,offsides_won,clear,drb,blocks,key_pass,drb_won,fouls_given,offsides_given,dispossessed,turnover,total_pass,crosses,long_pass,Name,team_y,Current Team,Shirt Number,Height,birth_date,Nationality,Positions,rating_1,rating_2,rating_3,rating_4,rating_5,rating_6,rating_7,rating_8,rating_9,rating_10
0,361330,2022/2023,Chelsea,EPL,14(2),1244,1,,4,0,1,90.7,7.07,1.9,,0.6,0.2,1.3,0.3,7.07,1.3,1.4,1.1,0.3,0.9,0.8,53.3,1.1,2.4,Reece James,,Chelsea,24,182cm,08-12-1999,England,"Defender (Centre, Right), Defensive Midfielder (C), Midfielder (Right)",6.57,7.55,7.62,6.14,6.83,7.38,7.84,6.16,6.28,7.02
1,361330,2021/2022,Chelsea,EPL,22(4),1868,5,,4,1,1.4,89.6,7.24,1.3,,0.8,0.1,0.7,0.5,7.24,1.8,1.4,1.2,0.2,0.8,1,53,0.9,1.7,Reece James,,Chelsea,24,182cm,08-12-1999,England,"Defender (Centre, Right), Defensive Midfielder (C), Midfielder (Right)",6.57,7.55,7.62,6.14,6.83,7.38,7.84,6.16,6.28,7.02
2,361330,2020/2021,Chelsea,EPL,25(7),2367,1,,3,0,1.1,88.4,6.94,1.7,,1,0.1,1.3,0.7,6.94,1.3,1.1,0.5,0,0.7,0.8,53,1.1,2.3,Reece James,,Chelsea,24,182cm,08-12-1999,England,"Defender (Centre, Right), Defensive Midfielder (C), Midfielder (Right)",6.57,7.55,7.62,6.14,6.83,7.38,7.84,6.16,6.28,7.02
3,361330,2019/2020,Chelsea,EPL,16(8),1514,0,,1,0,0.8,85.9,6.90,1.5,,0.9,0.1,0.9,0.8,6.90,1,1.3,0.9,0,0.9,0.7,42.3,1.1,1.7,Reece James,,Chelsea,24,182cm,08-12-1999,England,"Defender (Centre, Right), Defensive Midfielder (C), Midfielder (Right)",6.57,7.55,7.62,6.14,6.83,7.38,7.84,6.16,6.28,7.02
0,28550,2022/2023,Chelsea,EPL,25(1),2262,0,,2,0,0.5,91.3,6.99,1.5,,0.4,0.5,4.1,0.3,6.99,0.2,0.1,0.5,0,0,0.2,75.7,0,4.4,Thiago Silva,,Chelsea,6,183cm,22-09-1984,Brazil,Defender (Centre),6.82,6.57,6.66,6.7,6.41,6.73,7.35,6.61,6.56,6.74
1,28550,2021/2022,Chelsea,EPL,28(4),2651,3,,2,0,0.6,92.8,7.08,1,,0.4,0.6,3,0.3,7.08,0.2,0.2,0.4,0,0.1,0.2,81.9,0,5.3,Thiago Silva,,Chelsea,6,183cm,22-09-1984,Brazil,Defender (Centre),6.82,6.57,6.66,6.7,6.41,6.73,7.35,6.61,6.56,6.74
2,28550,2020/2021,Chelsea,EPL,23,1938,2,,3,1,0.6,93,6.91,0.9,,0.6,0.6,3.6,0.3,6.91,0.2,0.1,0.7,0,0.1,0.3,84.3,0,5,Thiago Silva,,Chelsea,6,183cm,22-09-1984,Brazil,Defender (Centre),6.82,6.57,6.66,6.7,6.41,6.73,7.35,6.61,6.56,6.74
0,114075,2022/2023,Chelsea,EPL,6(1),520,0,,1,0,1.1,82.5,6.95,2.3,,0.7,0,0.3,0.6,6.95,1.9,1.7,0.3,0.1,0.7,1.9,46.4,0.4,1.4,N'Golo Kanté,,Chelsea,7,168cm,29-03-1991,France,Midfielder (Centre),7.58,7.8,6.6,6.24,7.33,5.92,6.62,7.22,6.15,7.29
1,114075,2021/2022,Chelsea,EPL,21(5),1778,2,,2,0,0.7,86.7,7.01,2.3,,0.8,0,0.3,0.6,7.01,0.9,1.3,0.4,0,1.1,1.3,49.7,0,1.3,N'Golo Kanté,,Chelsea,7,168cm,29-03-1991,France,Midfielder (Centre),7.58,7.8,6.6,6.24,7.33,5.92,6.62,7.22,6.15,7.29
2,114075,2020/2021,Chelsea,EPL,24(6),2146,0,,7,0,0.3,86.5,6.86,2.6,,1.2,0,0.9,1,6.86,0.7,0.9,0.2,0,0.5,1.6,51,0,2.3,N'Golo Kanté,,Chelsea,7,168cm,29-03-1991,France,Midfielder (Centre),7.58,7.8,6.6,6.24,7.33,5.92,6.62,7.22,6.15,7.29
3,114075,2019/2020,Chelsea,EPL,20(2),1733,3,,4,0,0.8,84.9,6.90,2,,2,0,1.4,0.9,6.90,1.2,1.1,0.5,0,1.3,1.5,51.5,0.5,1.8,N'Golo Kanté,,Chelsea,7,168cm,29-03-1991,France,Midfielder (Centre),7.58,7.8,6.6,6.24,7.33,5.92,6.62,7.22,6.15,7.29
4,114075,2018/2019,Chelsea,EPL,36,3096,4,,3,0,0.8,87.9,6.93,2.1,,1,0,0.7,1.2,6.93,1.3,0.9,0.4,0.2,1.5,1.6,56.2,0.2,1,N'Golo Kanté,,Chelsea,7,168cm,29-03-1991,France,Midfielder (Centre),7.58,7.8,6.6,6.24,7.33,5.92,6.62,7.22,6.15,7.29
5,114075,2017/2018,Chelsea,EPL,34,2998,1,,3,0,0.7,89.3,7.25,3.3,,1.2,0,0.8,1.7,7.25,1.2,1.4,0.4,0,1.2,1.3,63.3,0.1,2.6,N'Golo Kanté,,Chelsea,7,168cm,29-03-1991,France,Midfielder (Centre),7.58,7.8,6.6,6.24,7.33,5.92,6.62,7.22,6.15,7.29
6,114075,2016/2017,Chelsea,EPL,35,3139,1,,9,0,0.8,88.8,7.23,3.6,,1.5,0.1,1.2,1.3,7.23,0.6,1,0.4,0,0.8,1.3,60.6,0,3.9,N'Golo Kanté,,Chelsea,7,168cm,29-03-1991,France,Midfielder (Centre),7.58,7.8,6.6,6.24,7.33,5.92,6.62,7.22,6.15,7.29
7,114075,2015/2016,Leicester,EPL,33(4),3020,1,,3,0,0.6,81.6,7.61,4.7,,1.2,0,1.5,1.6,7.61,0.8,1.3,0.5,0,0.7,1.2,39.2,0.1,1.7,N'Golo Kanté,,Chelsea,7,168cm,29-03-1991,France,Midfielder (Centre),7.58,7.8,6.6,6.24,7.33,5.92,6.62,7.22,6.15,7.29
0,365406,2022/2023,Chelsea,EPL,10(1),904,1,,2,0,0.5,89.7,6.91,1.3,,0.8,0.2,3,0.5,6.91,0.3,0.1,0.5,0,0.3,0.2,77.7,0,3.5,Benoît Badiashile,,Chelsea,5,194cm,26-03-2001,France,Defender (Centre),7.42,7.05,6.53,6.59,7.01,6.04,6.64,6.74,7.5,6.56
0,430294,2022/2023,Chelsea,EPL,7(1),568,0,,1,0,1.3,82.9,6.83,2.4,,0.3,0.1,1,0.9,6.83,1.5,1.1,1.3,0.1,0.9,1.9,37.4,1,3,Lewis Hall,,Chelsea,67,179cm,08-09-2004,England,Midfielder,6.57,6.84,6.54,N/A,6.75,6.74,6.23,6.72,7.31,7.54
0,90880,2022/2023,Chelsea,EPL,20(3),1801,2,,5,1,0.5,87.1,6.83,2,,1,0.4,3.1,0.6,6.83,0.3,0.2,0.4,0,0.1,0.4,63,0,2.9,Kalidou Koulibaly,,Chelsea,26,195cm,20-06-1991,Senegal,Defender (Centre),7.54,7.33,5.93,N/A,N/A,7.01,7.87,7.68,6.24,6.41
0,113880,2022/2023,Chelsea,EPL,28,2476,0,,1,0,0,80.4,6.81,0.1,,0,0,1.1,0,6.81,0,0,0.3,0,0,0,31.1,0,4.1,Kepa Arrizabalaga,,Chelsea,1,189cm,03-10-1994,Spain,Goalkeeper,6.83,6.48,7.65,7.66,6.39,5.73,7.38,6.88,5.82,6.46
1,113880,2021/2022,Chelsea,EPL,4,360,0,,0,0,0,78.9,7.02,0,,0,0,1.5,0,7.02,0,0,0.3,0,0,0,27.3,0,3.5,Kepa Arrizabalaga,,Chelsea,1,189cm,03-10-1994,Spain,Goalkeeper,6.83,6.48,7.65,7.66,6.39,5.73,7.38,6.88,5.82,6.46
2,113880,2020/2021,Chelsea,EPL,6(1),585,0,,1,0,0,78.5,6.17,0,,0,0,0.6,0.1,6.17,0,0,0,0,0,0.3,29.3,0,5.1,Kepa Arrizabalaga,,Chelsea,1,189cm,03-10-1994,Spain,Goalkeeper,6.83,6.48,7.65,7.66,6.39,5.73,7.38,6.88,5.82,6.46
3,113880,2019/2020,Chelsea,EPL,33,2970,0,,0,0,0,79.7,6.36,0,,0,0,0.4,0,6.36,0,0,0.2,0,0,0,28.4,0,4,Kepa Arrizabalaga,,Chelsea,1,189cm,03-10-1994,Spain,Goalkeeper,6.83,6.48,7.65,7.66,6.39,5.73,7.38,6.88,5.82,6.46
4,113880,2018/2019,Chelsea,EPL,36,3240,0,,2,0,0,85.4,6.63,0,,0,0,0.4,0,6.63,0,0,0.1,0,0,0,27.9,0,5.2,Kepa Arrizabalaga,,Chelsea,1,189cm,03-10-1994,Spain,Goalkeeper,6.83,6.48,7.65,7.66,6.39,5.73,7.38,6.88,5.82,6.46
0,369430,2022/2023,Chelsea,EPL,17,1461,0,,3,0,1,89.1,6.80,2.6,,0.6,0.1,0.6,1.9,6.80,1.1,0.9,1.2,0.1,0.7,1.4,78.1,0.1,7.2,Enzo Fernández,,Chelsea,13,178cm,17-01-2001,Argentina,Defensive Midfielder (C),6.61,6.37,6.18,6.56,6.58,6.05,6.69,6.72,6.43,6.87
0,326413,2022/2023,Chelsea,EPL,29(5),2521,7,,5,0,2.1,82.3,6.76,1,,1.8,0,1.1,0.6,6.76,1.1,0.5,0.7,0.8,1.1,2.3,24.9,0.1,0.4,Kai Havertz,,Chelsea,29,193cm,11-06-1999,Germany,"Midfielder (Centre, Right), Forward",6.83,6.27,6.86,6.02,6.96,6.78,6.38,6.1,6.61,6.05
1,326413,2021/2022,Chelsea,EPL,22(7),1816,8,,3,0,1.9,81.3,6.85,0.6,,1.4,0,1,0.3,6.85,0.7,0.6,0.9,0.4,1.1,2.3,22.6,0.1,0.3,Kai Havertz,,Chelsea,29,193cm,11-06-1999,Germany,"Midfielder (Centre, Right), Forward",6.83,6.27,6.86,6.02,6.96,6.78,6.38,6.1,6.61,6.05
2,326413,2020/2021,Chelsea,EPL,18(9),1522,4,,2,0,1.2,84.9,6.60,0.7,,1,0.1,0.7,0.8,6.60,0.7,0.7,0.6,0.3,1,2,28.4,0,0.4,Kai Havertz,,Chelsea,29,193cm,11-06-1999,Germany,"Midfielder (Centre, Right), Forward",6.83,6.27,6.86,6.02,6.96,6.78,6.38,6.1,6.61,6.05
0,389935,2022/2023,Chelsea,EPL,6(5),558,1,,0,0,0.8,83.6,6.74,1,,0.4,0,0.5,0.4,6.74,0.9,2.5,1.1,0.2,1.2,1.4,19.9,0.1,0.3,Noni Madueke,,Chelsea,10,176cm,10-03-2002,England,"Attacking Midfielder (Right), Forward",6.95,6.71,6.24,6.79,6.11,7.62,7.35,6.97,6.3,6.5
0,97692,2022/2023,Chelsea,EPL,22(5),1815,6,,4,0,1.4,78.3,6.71,0.6,,0.8,0,0.1,0.2,6.71,1.2,1.3,1.1,0.4,1.8,1.7,22.2,0.4,0.1,Raheem Sterling,,Chelsea,17,172cm,08-12-1994,England,"Midfielder (Centre, Left, Right), Forward",6.23,6.02,5.96,6.26,6.34,6.64,5.95,6.7,9.08,6.57
1,97692,2021/2022,Man City,EPL,23(7),2127,13,,1,0,1.9,85.4,7.20,0.8,,0.6,0,0.1,0.4,7.20,1.4,1.8,1.2,0.3,1.8,2.1,27.3,0.3,0.2,Raheem Sterling,,Chelsea,17,172cm,08-12-1994,England,"Midfielder (Centre, Left, Right), Forward",6.23,6.02,5.96,6.26,6.34,6.64,5.95,6.7,9.08,6.57
2,97692,2020/2021,Man City,EPL,28(3),2537,10,,4,0,2.3,86.2,7.22,0.7,,1.2,0,0.1,0.2,7.22,1.3,2.1,1.3,0.3,2.7,2,35.9,0,0.3,Raheem Sterling,,Chelsea,17,172cm,08-12-1994,England,"Midfielder (Centre, Left, Right), Forward",6.23,6.02,5.96,6.26,6.34,6.64,5.95,6.7,9.08,6.57
3,97692,2019/2020,Man City,EPL,30(3),2661,20,,5,0,3,82.8,7.35,0.8,,0.9,0,0.1,0.7,7.35,1.5,1.7,1.2,0.4,1.8,2,35.4,0.2,0.3,Raheem Sterling,,Chelsea,17,172cm,08-12-1994,England,"Midfielder (Centre, Left, Right), Forward",6.23,6.02,5.96,6.26,6.34,6.64,5.95,6.7,9.08,6.57
4,97692,2018/2019,Man City,EPL,31(3),2777,17,,3,0,2.3,85.8,7.61,0.9,,1.2,0,0.1,0.5,7.61,1.9,2.4,1.3,0.4,2.6,2.2,37.1,0.4,0.3,Raheem Sterling,,Chelsea,17,172cm,08-12-1994,England,"Midfielder (Centre, Left, Right), Forward",6.23,6.02,5.96,6.26,6.34,6.64,5.95,6.7,9.08,6.57
5,97692,2017/2018,Man City,EPL,29(4),2593,18,,3,1,2.6,84,7.55,0.6,,1.2,0,0.2,0.9,7.55,1.7,1.9,1.8,0.6,1.8,2,35.5,0.2,0.2,Raheem Sterling,,Chelsea,17,172cm,08-12-1994,England,"Midfielder (Centre, Left, Right), Forward",6.23,6.02,5.96,6.26,6.34,6.64,5.95,6.7,9.08,6.57
6,97692,2016/2017,Man City,EPL,29(4),2517,7,,7,0,1.9,80.4,7.05,0.7,,1.1,0,0.1,1,7.05,1.4,2.4,1.6,0.5,2.6,1.8,31.3,0.2,0.3,Raheem Sterling,,Chelsea,17,172cm,08-12-1994,England,"Midfielder (Centre, Left, Right), Forward",6.23,6.02,5.96,6.26,6.34,6.64,5.95,6.7,9.08,6.57
7,97692,2015/2016,Man City,EPL,23(8),1928,6,,1,0,1.7,85.3,6.78,1.1,,0.8,0,0.1,0.7,6.78,1.1,1.3,1.7,0.2,2.1,1.2,27.3,0.2,0.3,Raheem Sterling,,Chelsea,17,172cm,08-12-1994,England,"Midfielder (Centre, Left, Right), Forward",6.23,6.02,5.96,6.26,6.34,6.64,5.95,6.7,9.08,6.57
8,97692,2014/2015,Liverpool,EPL,34(1),3053,7,,5,0,2.4,81.1,7.27,1.1,,1.3,0,0.4,0.4,7.27,2.1,2.9,2.7,0.5,2.2,2.3,32.4,0.5,0.7,Raheem Sterling,,Chelsea,17,172cm,08-12-1994,England,"Midfielder (Centre, Left, Right), Forward",6.23,6.02,5.96,6.26,6.34,6.64,5.95,6.7,9.08,6.57
9,97692,2013/2014,Liverpool,EPL,24(9),2221,9,,3,0,1.4,81.7,7.40,1.3,,1.6,0,0.4,0.9,7.40,1.6,2.8,1.9,0.2,2,1.2,28.3,0.3,0.7,Raheem Sterling,,Chelsea,17,172cm,08-12-1994,England,"Midfielder (Centre, Left, Right), Forward",6.23,6.02,5.96,6.26,6.34,6.64,5.95,6.7,9.08,6.57
10,97692,2012/2013,Liverpool,EPL,19(5),1749,2,,1,0,1.4,84.5,6.97,1.7,,1.2,0,0.2,0.7,6.97,1.5,1.9,2.3,0.3,2.7,1.8,29.9,0.3,0.2,Raheem Sterling,,Chelsea,17,172cm,08-12-1994,England,"Midfielder (Centre, Left, Right), Forward",6.23,6.02,5.96,6.26,6.34,6.64,5.95,6.7,9.08,6.57
11,97692,2011/2012,Liverpool,EPL,0(3),25,0,,0,0,0.7,86.7,6.10,0,,0,0,0,0,6.10,0.7,0.3,0.7,0,0,0.3,5,0.3,0.3,Raheem Sterling,,Chelsea,17,172cm,08-12-1994,England,"Midfielder (Centre, Left, Right), Forward",6.23,6.02,5.96,6.26,6.34,6.64,5.95,6.7,9.08,6.57
0,343346,2022/2023,Chelsea,EPL,20(4),1658,3,,4,0,1.4,80.1,6.70,1.4,,1.2,0,0.3,0.5,6.70,1.3,0.6,1.1,0,1.2,1.5,29.4,0.6,1,Mason Mount,,Chelsea,19,181cm,10-01-1999,England,"Midfielder (Centre, Left, Right)",6.86,6.63,6.3,5.91,6.15,5.88,6.22,5.87,6.11,6.01
1,343346,2021/2022,Chelsea,EPL,27(5),2365,11,,4,0,2.4,85.4,7.19,1.3,,0.9,0,0.3,0.8,7.19,1.8,0.6,0.7,0.2,1.1,2.2,34.8,1.3,0.7,Mason Mount,,Chelsea,19,181cm,10-01-1999,England,"Midfielder (Centre, Left, Right)",6.86,6.63,6.3,5.91,6.15,5.88,6.22,5.87,6.11,6.01
2,343346,2020/2021,Chelsea,EPL,32(4),2892,6,,2,0,2.3,86.5,7.33,2.1,,1.4,0,0.3,1.2,7.33,2.4,1.2,1.2,0.1,1.1,1.6,47.3,1.7,1.6,Mason Mount,,Chelsea,19,181cm,10-01-1999,England,"Midfielder (Centre, Left, Right)",6.86,6.63,6.3,5.91,6.15,5.88,6.22,5.87,6.11,6.01
3,343346,2019/2020,Chelsea,EPL,32(5),2875,7,,3,0,2.1,85.7,6.91,1,,1,0,0.5,0.9,6.91,1.4,1.1,1,0.1,1.4,2.2,33.5,0.9,0.7,Mason Mount,,Chelsea,19,181cm,10-01-1999,England,"Midfielder (Centre, Left, Right)",6.86,6.63,6.3,5.91,6.15,5.88,6.22,5.87,6.11,6.01
0,373946,2022/2023,Chelsea,EPL,12(2),1142,1,,3,0,0.4,89.6,6.67,2.1,,0.8,0.4,2.4,0.9,6.67,0.1,0.5,1.6,0,0.4,0.6,59.1,0.1,0.9,Wesley Fofana,,Chelsea,33,190cm,17-12-2000,France,Defender (Centre),6.93,8.02,7.19,6.25,6.63,6.09,6.93,6.74,5.44,4.58
1,373946,2022/2023,Leicester,EPL,2,180,0,,1,0,1,84.2,6.90,2,,1,0,2,1,6.90,0,1,1.5,0.5,0,1.5,69.5,0,1,Wesley Fofana,,Chelsea,33,190cm,17-12-2000,France,Defender (Centre),6.93,8.02,7.19,6.25,6.63,6.09,6.93,6.74,5.44,4.58
2,373946,2021/2022,Leicester,EPL,7,630,0,,2,0,0.4,89,6.87,1.7,,1,0.7,3.7,0.6,6.87,0.3,0.4,1,0,0.3,0.7,75.3,0,2.3,Wesley Fofana,,Chelsea,33,190cm,17-12-2000,France,Defender (Centre),6.93,8.02,7.19,6.25,6.63,6.09,6.93,6.74,5.44,4.58
3,373946,2020/2021,Leicester,EPL,27(1),2265,0,,7,0,0.4,86.4,7.01,1.8,,1.3,0.5,3.3,0.5,7.01,0.2,0.5,1,0.1,0.4,1,60.3,0,2.7,Wesley Fofana,,Chelsea,33,190cm,17-12-2000,France,Defender (Centre),6.93,8.02,7.19,6.25,6.63,6.09,6.93,6.74,5.44,4.58
0,362431,2022/2023,Chelsea,EPL,11(4),913,4,,1,1,2.7,80.6,6.66,0.9,,0.9,0,0.1,0.5,6.66,0.5,1.4,1.9,0.4,0.5,1.5,21.3,0.2,1,João Félix,,Chelsea,7,181cm,10-11-1999,Portugal,"Attacking Midfielder (Centre, Left), Forward",7.8,6.95,6.27,6.68,6,6.17,6.03,7.1,6.37,6.91
0,363496,2022/2023,Chelsea,EPL,21(3),1679,0,,4,0,0.3,86.4,6.65,2.8,,0.7,0.1,1.5,1.3,6.65,0.5,0.2,0.9,0,0.3,0.6,45.4,0.5,1.3,Marc Cucurella,,Chelsea,32,172cm,22-07-1998,Spain,"Defender (Centre, Left), Midfielder (Left)",6.99,6.64,6.22,6.9,7.19,5.97,7.06,6.17,6.18,6.28
1,363496,2021/2022,Brighton,EPL,35,3092,1,,6,0,0.5,82,6.94,2.7,,0.8,0.3,1.9,0.8,6.94,1.2,0.8,0.9,0.1,0.4,1.1,54.3,0.8,1.5,Marc Cucurella,,Chelsea,32,172cm,22-07-1998,Spain,"Defender (Centre, Left), Midfielder (Left)",6.99,6.64,6.22,6.9,7.19,5.97,7.06,6.17,6.18,6.28
0,106968,2022/2023,Arsenal,EPL,8(5),765,0,,0,0,0.4,87.5,6.54,1.1,,0.4,0,0.5,1.2,6.54,0.4,0.2,1.4,0,0.6,0.5,51.6,0,1.7,Jorginho,,Arsenal,20,180cm,20-12-1991,Italy,Defensive Midfielder (C),6.42,6,5.54,6.23,6.34,6.28,6.45,7.24,6.39,6.43
1,106968,2022/2023,Chelsea,EPL,15(3),1282,2,,4,0,0.3,85.2,6.65,2.3,,0.7,0.1,0.3,1.3,6.65,0.4,0.3,1.3,0,0.5,0.8,48.8,0,2.1,Jorginho,,Arsenal,20,180cm,20-12-1991,Italy,Defensive Midfielder (C),6.42,6,5.54,6.23,6.34,6.28,6.45,7.24,6.39,6.43
2,106968,2021/2022,Chelsea,EPL,26(3),2279,6,,5,0,0.6,89.3,6.97,2.2,,1,0,0.7,1.9,6.97,0.9,0.6,1.3,0,0.7,0.8,64.9,0,2.1,Jorginho,,Arsenal,20,180cm,20-12-1991,Italy,Defensive Midfielder (C),6.42,6,5.54,6.23,6.34,6.28,6.45,7.24,6.39,6.43
3,106968,2020/2021,Chelsea,EPL,23(5),2014,7,,2,0,0.5,89.2,6.88,2,,1.1,0,0.7,1.6,6.88,0.9,0.6,1,0,0.5,0.7,63.7,0.1,2.7,Jorginho,,Arsenal,20,180cm,20-12-1991,Italy,Defensive Midfielder (C),6.42,6,5.54,6.23,6.34,6.28,6.45,7.24,6.39,6.43
4,106968,2019/2020,Chelsea,EPL,27(4),2384,4,,10,0,0.4,88.4,6.85,2.1,,0.9,0,0.8,1.8,6.85,0.7,0.4,1,0,0.7,0.6,72.8,0,4.3,Jorginho,,Arsenal,20,180cm,20-12-1991,Italy,Defensive Midfielder (C),6.42,6,5.54,6.23,6.34,6.28,6.45,7.24,6.39,6.43
5,106968,2018/2019,Chelsea,EPL,37,3165,2,,8,0,0.5,89.3,6.88,2.1,,0.9,0,0.9,1.4,6.88,0.8,0.4,0.6,0,0.8,0.9,84.3,0,2.5,Jorginho,,Arsenal,20,180cm,20-12-1991,Italy,Defensive Midfielder (C),6.42,6,5.54,6.23,6.34,6.28,6.45,7.24,6.39,6.43
0,299272,2022/2023,Chelsea,EPL,15(8),1408,2,,3,0,0.7,83.3,6.62,0.9,,0.6,0.2,1,0.5,6.62,0.9,0.3,1,0.1,0.8,1.1,33,1,0.7,Ben Chilwell,,Chelsea,21,178cm,21-12-1996,England,"Defender (Left), Midfielder (Left)",7.76,7.31,6.56,6.85,5.98,5.51,6.35,6.62,6.24,6.1
1,299272,2021/2022,Chelsea,EPL,6(1),541,3,,0,0,1.9,83,7.42,1.1,,1.4,0.1,2,0.4,7.42,1.4,0.4,2.1,0.3,0.4,1.9,38.6,1,0.7,Ben Chilwell,,Chelsea,21,178cm,21-12-1996,England,"Defender (Left), Midfielder (Left)",7.76,7.31,6.56,6.85,5.98,5.51,6.35,6.62,6.24,6.1
2,299272,2020/2021,Chelsea,EPL,27,2290,3,,3,0,1,82,7.00,1.6,,0.9,0.1,1.7,0.7,7.00,1.1,0.6,1.5,0.3,0.7,1.3,54.4,1,1.9,Ben Chilwell,,Chelsea,21,178cm,21-12-1996,England,"Defender (Left), Midfielder (Left)",7.76,7.31,6.56,6.85,5.98,5.51,6.35,6.62,6.24,6.1
3,299272,2019/2020,Leicester,EPL,27,2376,3,,3,0,0.6,78.3,6.96,1.6,,1.1,0.2,2,1.1,6.96,1.3,0.7,1.1,0,0.8,1.9,61.3,0.7,2,Ben Chilwell,,Chelsea,21,178cm,21-12-1996,England,"Defender (Left), Midfielder (Left)",7.76,7.31,6.56,6.85,5.98,5.51,6.35,6.62,6.24,6.1
4,299272,2018/2019,Leicester,EPL,36,3240,0,,4,0,0.6,72.3,7.04,1.5,,0.9,0.3,3.6,0.9,7.04,1.3,1.4,1.2,0.1,1.3,2,46.8,0.6,1.2,Ben Chilwell,,Chelsea,21,178cm,21-12-1996,England,"Defender (Left), Midfielder (Left)",7.76,7.31,6.56,6.85,5.98,5.51,6.35,6.62,6.24,6.1
5,299272,2017/2018,Leicester,EPL,20(4),1852,0,,1,1,0.3,73.9,6.82,1.5,,0.5,0.3,2.6,0.7,6.82,0.9,1.3,1,0.2,0.8,1.7,37.5,0.7,1.1,Ben Chilwell,,Chelsea,21,178cm,21-12-1996,England,"Defender (Left), Midfielder (Left)",7.76,7.31,6.56,6.85,5.98,5.51,6.35,6.62,6.24,6.1
6,299272,2016/2017,Leicester,EPL,7(5),696,1,,2,0,0.6,68.8,6.69,1.9,,0.6,0.1,1.3,1.1,6.69,0.2,0.9,1.3,0.1,0.3,0.7,25.1,0.1,1.2,Ben Chilwell,,Chelsea,21,178cm,21-12-1996,England,"Defender (Left), Midfielder (Left)",7.76,7.31,6.56,6.85,5.98,5.51,6.35,6.62,6.24,6.1
0,255777,2022/2023,Chelsea,EPL,18(6),1483,0,,1,0,0.4,88.1,6.56,1,,0.4,0,0.9,0.4,6.56,0.6,1.2,1.4,0,0.9,0.9,33.7,0.1,0.7,Ruben Loftus-Cheek,,Chelsea,12,191cm,23-01-1996,England,"Midfielder (Centre, Left, Right)",6.32,7.12,6.15,6.9,6.02,5.94,6.57,6.73,6.63,6.12
1,255777,2021/2022,Chelsea,EPL,13(11),1388,0,,1,0,0.8,89.7,6.87,1.2,,0.8,0,0.7,0.4,6.87,0.8,1.8,1.7,0.1,1.4,1.1,40,0.1,0.6,Ruben Loftus-Cheek,,Chelsea,12,191cm,23-01-1996,England,"Midfielder (Centre, Left, Right)",6.32,7.12,6.15,6.9,6.02,5.94,6.57,6.73,6.63,6.12
2,255777,2020/2021,Fulham,EPL,21(9),1913,1,,3,0,1.2,80.7,6.50,0.8,,0.9,0,0.5,0.5,6.50,0.6,1.3,1.7,0.1,1.4,2.4,23.6,0.1,0.3,Ruben Loftus-Cheek,,Chelsea,12,191cm,23-01-1996,England,"Midfielder (Centre, Left, Right)",6.32,7.12,6.15,6.9,6.02,5.94,6.57,6.73,6.63,6.12
3,255777,2020/2021,Chelsea,EPL,1,61,0,,0,0,0,64.7,6.23,0,,1,0,0,0,6.23,0,0,2,0,1,2,17,0,0,Ruben Loftus-Cheek,,Chelsea,12,191cm,23-01-1996,England,"Midfielder (Centre, Left, Right)",6.32,7.12,6.15,6.9,6.02,5.94,6.57,6.73,6.63,6.12
4,255777,2019/2020,Chelsea,EPL,2(5),205,0,,0,0,0.6,90.2,6.31,0,,0.3,0,0.3,0.3,6.31,0.1,0.6,0.4,0,0.6,0.3,18.9,0,0.7,Ruben Loftus-Cheek,,Chelsea,12,191cm,23-01-1996,England,"Midfielder (Centre, Left, Right)",6.32,7.12,6.15,6.9,6.02,5.94,6.57,6.73,6.63,6.12
5,255777,2018/2019,Chelsea,EPL,6(18),985,6,,0,0,1.2,87.9,6.85,0.8,,0.4,0,0.2,0.4,6.85,0.7,1.7,1,0.1,1,1,25.4,0,0.5,Ruben Loftus-Cheek,,Chelsea,12,191cm,23-01-1996,England,"Midfielder (Centre, Left, Right)",6.32,7.12,6.15,6.9,6.02,5.94,6.57,6.73,6.63,6.12
6,255777,2017/2018,Crystal Palace,EPL,21(3),1875,2,,1,0,1.3,82.4,7.08,0.9,,0.7,0,1.1,1,7.08,1.1,3,2.6,0.1,2,1.9,30.1,0.1,1,Ruben Loftus-Cheek,,Chelsea,12,191cm,23-01-1996,England,"Midfielder (Centre, Left, Right)",6.32,7.12,6.15,6.9,6.02,5.94,6.57,6.73,6.63,6.12
7,255777,2016/2017,Chelsea,EPL,0(6),31,0,,0,0,0.2,84,6.09,0.2,,0.3,0,0.2,0.2,6.09,0,0.2,0,0,0.3,0.5,4.2,0,0,Ruben Loftus-Cheek,,Chelsea,12,191cm,23-01-1996,England,"Midfielder (Centre, Left, Right)",6.32,7.12,6.15,6.9,6.02,5.94,6.57,6.73,6.63,6.12
8,255777,2015/2016,Chelsea,EPL,4(9),408,1,,0,0,0.9,87.7,6.49,0.8,,0.3,0,0.3,0.5,6.49,0.3,0.8,1.1,0.1,0.7,0.8,18.7,0,0.6,Ruben Loftus-Cheek,,Chelsea,12,191cm,23-01-1996,England,"Midfielder (Centre, Left, Right)",6.32,7.12,6.15,6.9,6.02,5.94,6.57,6.73,6.63,6.12
9,255777,2014/2015,Chelsea,EPL,2(1),134,0,,0,0,0.3,94.2,6.33,1,,1,0,1,1,6.33,0.3,0.7,0.7,0,0,0.3,34.7,0,0.7,Ruben Loftus-Cheek,,Chelsea,12,191cm,23-01-1996,England,"Midfielder (Centre, Left, Right)",6.32,7.12,6.15,6.9,6.02,5.94,6.57,6.73,6.63,6.12
0,375621,2022/2023,Chelsea,EPL,17(17),1546,3,,9,1,0.8,84.2,6.54,1.3,,1,0,0.4,0.7,6.54,0.6,0.7,1,0.1,1,1.1,22.5,0.4,0.4,Conor Gallagher,,Chelsea,23,182cm,06-02-2000,England,Attacking Midfielder (Centre),6.18,6.06,8.02,6.37,6.14,6.1,7.69,6.61,6.58,5.14
1,375621,2021/2022,Crystal Palace,EPL,33(1),2851,8,,10,0,1.5,81.2,7.09,2,,1.9,0,0.7,1.4,7.09,1.1,1.3,1.9,0.1,1.5,1.8,30.9,1.1,1.4,Conor Gallagher,,Chelsea,23,182cm,06-02-2000,England,Attacking Midfielder (Centre),6.18,6.06,8.02,6.37,6.14,6.1,7.69,6.61,6.58,5.14
2,375621,2020/2021,West Brom,EPL,28(2),2532,2,,11,0,1,81.5,6.63,2.7,,1.4,0,0.9,2.3,6.63,0.7,1,2.1,0,1.2,2.1,29.7,0.4,1.6,Conor Gallagher,,Chelsea,23,182cm,06-02-2000,England,Attacking Midfielder (Centre),6.18,6.06,8.02,6.37,6.14,6.1,7.69,6.61,6.58,5.14
0,25931,2022/2023,Chelsea,EPL,15(9),1436,0,,3,0,0.3,83.6,6.51,1.5,,1,0.1,1.9,0.5,6.51,0.5,0.3,0.3,0.1,0.2,0.4,35,0.3,0.5,César Azpilicueta,,Chelsea,28,178cm,28-08-1989,Spain,"Defender (Centre, Left, Right), Midfielder (Right)",6.34,6.1,6.09,6.27,6.62,5.58,5.99,6.43,6.22,6.75
1,25931,2021/2022,Chelsea,EPL,24(3),2075,1,,3,0,0.4,85.7,6.82,1.9,,0.9,0.1,2.3,0.7,6.82,0.6,0.6,0.2,0.1,0.4,0.8,59.4,0.2,1.7,César Azpilicueta,,Chelsea,28,178cm,28-08-1989,Spain,"Defender (Centre, Left, Right), Midfielder (Right)",6.34,6.1,6.09,6.27,6.62,5.58,5.99,6.43,6.22,6.75
2,25931,2020/2021,Chelsea,EPL,24(2),2191,1,,5,1,0.4,86.9,6.92,2,,1.2,0.1,2.3,0.7,6.92,1,0.2,0.5,0.2,0.2,0.7,72.6,0.3,1.5,César Azpilicueta,,Chelsea,28,178cm,28-08-1989,Spain,"Defender (Centre, Left, Right), Midfielder (Right)",6.34,6.1,6.09,6.27,6.62,5.58,5.99,6.43,6.22,6.75
3,25931,2019/2020,Chelsea,EPL,36,3230,2,,1,0,0.8,80.7,7.12,2.4,,1.1,0.1,2.3,0.9,7.12,1.3,0.3,0.4,0.1,0.4,0.8,67.6,0.8,2.2,César Azpilicueta,,Chelsea,28,178cm,28-08-1989,Spain,"Defender (Centre, Left, Right), Midfielder (Right)",6.34,6.1,6.09,6.27,6.62,5.58,5.99,6.43,6.22,6.75
4,25931,2018/2019,Chelsea,EPL,38,3403,1,,4,0,0.4,87,7.01,2.8,,1,0.4,2,0.8,7.01,0.7,0.3,0.4,0.1,0.2,0.9,65.3,0.6,1.3,César Azpilicueta,,Chelsea,28,178cm,28-08-1989,Spain,"Defender (Centre, Left, Right), Midfielder (Right)",6.34,6.1,6.09,6.27,6.62,5.58,5.99,6.43,6.22,6.75
5,25931,2017/2018,Chelsea,EPL,37,3330,2,,1,0,0.4,86.7,7.18,2.2,,0.7,0.4,3.2,0.7,7.18,0.8,0.2,0.4,0,0.2,0.4,74.6,0.4,3.4,César Azpilicueta,,Chelsea,28,178cm,28-08-1989,Spain,"Defender (Centre, Left, Right), Midfielder (Right)",6.34,6.1,6.09,6.27,6.62,5.58,5.99,6.43,6.22,6.75
6,25931,2016/2017,Chelsea,EPL,38,3420,1,,4,0,0.5,87.2,7.21,2.2,,0.7,0.4,3.1,0.9,7.21,0.6,0.3,0.6,0.1,0.2,0.3,64.7,0.2,3.1,César Azpilicueta,,Chelsea,28,178cm,28-08-1989,Spain,"Defender (Centre, Left, Right), Midfielder (Right)",6.34,6.1,6.09,6.27,6.62,5.58,5.99,6.43,6.22,6.75
7,25931,2015/2016,Chelsea,EPL,36(1),3202,2,,7,0,0.3,81.7,7.03,3.1,,1.1,0.1,2.8,0.8,7.03,0.6,0.2,0.5,0,0.1,0.6,48.6,0.3,2.8,César Azpilicueta,,Chelsea,28,178cm,28-08-1989,Spain,"Defender (Centre, Left, Right), Midfielder (Right)",6.34,6.1,6.09,6.27,6.62,5.58,5.99,6.43,6.22,6.75
8,25931,2014/2015,Chelsea,EPL,29,2484,0,,1,1,0.2,83.6,7.24,3,,0.7,0.1,3.1,1.1,7.24,0.6,0.3,0.5,0,0.2,0.5,44.9,0.2,1.6,César Azpilicueta,,Chelsea,28,178cm,28-08-1989,Spain,"Defender (Centre, Left, Right), Midfielder (Right)",6.34,6.1,6.09,6.27,6.62,5.58,5.99,6.43,6.22,6.75
9,25931,2013/2014,Chelsea,EPL,26(3),2325,0,,1,0,0.2,80.6,7.26,3.4,,1,0.1,4.8,1,7.26,0.4,0.2,0.8,0,0.3,0.5,41.2,0.4,2.3,César Azpilicueta,,Chelsea,28,178cm,28-08-1989,Spain,"Defender (Centre, Left, Right), Midfielder (Right)",6.34,6.1,6.09,6.27,6.62,5.58,5.99,6.43,6.22,6.75
10,25931,2012/2013,Chelsea,EPL,24(3),2196,0,,4,0,0.4,81.8,6.99,2.6,,0.8,0.3,2.5,0.6,6.99,0.9,0.3,0.7,0,0.3,0.5,45,0.9,1.9,César Azpilicueta,,Chelsea,28,178cm,28-08-1989,Spain,"Defender (Centre, Left, Right), Midfielder (Right)",6.34,6.1,6.09,6.27,6.62,5.58,5.99,6.43,6.22,6.75
0,93894,2022/2023,Chelsea,EPL,17(9),1688,1,,8,0,0.9,86,6.50,1.4,,0.7,0,0.6,0.8,6.50,0.9,0.7,0.5,0,1,0.9,49.4,0,1.7,Mateo Kovacic,,Chelsea,8,177cm,06-05-1994,Croatia,"Midfielder (Centre, Left)",9.39,6.7,6.37,6.64,5.86,6.32,6.26,6.36,7.18,6.05
1,93894,2021/2022,Chelsea,EPL,16(9),1557,2,,4,0,0.9,88.8,7.05,2,,1,0,0.4,0.7,7.05,1.1,1.5,0.8,0,0.9,0.7,47.7,0,2.2,Mateo Kovacic,,Chelsea,8,177cm,06-05-1994,Croatia,"Midfielder (Centre, Left)",9.39,6.7,6.37,6.64,5.86,6.32,6.26,6.36,7.18,6.05
2,93894,2020/2021,Chelsea,EPL,21(6),1820,0,,4,0,0.9,90.8,6.84,1.7,,0.6,0,0.3,0.6,6.84,0.8,2,1.1,0,0.9,1,65.3,0,3.5,Mateo Kovacic,,Chelsea,8,177cm,06-05-1994,Croatia,"Midfielder (Centre, Left)",9.39,6.7,6.37,6.64,5.86,6.32,6.26,6.36,7.18,6.05
3,93894,2019/2020,Chelsea,EPL,23(8),2073,1,,8,0,0.7,89.7,6.94,2,,0.6,0,0.5,1.3,6.94,0.9,2.5,1.2,0,0.9,1,60.3,0,3,Mateo Kovacic,,Chelsea,8,177cm,06-05-1994,Croatia,"Midfielder (Centre, Left)",9.39,6.7,6.37,6.64,5.86,6.32,6.26,6.36,7.18,6.05
4,93894,2018/2019,Chelsea,EPL,21(11),1745,0,,3,0,0.9,92,6.65,1.4,,0.6,0,0.6,0.8,6.65,0.8,1.3,1,0,1.2,0.8,45.9,0,0.9,Mateo Kovacic,,Chelsea,8,177cm,06-05-1994,Croatia,"Midfielder (Centre, Left)",9.39,6.7,6.37,6.64,5.86,6.32,6.26,6.36,7.18,6.05
0,410522,2022/2023,Chelsea,EPL,1(2),70,0,,0,0,1,87.5,6.49,1,,1,0,0,0,6.49,1,1.7,1,0.3,1,3,2.7,0,0.3,David Datro Fofana,,Chelsea,27,181cm,22-12-2002,Ivory Coast,Forward,N/A,N/A,N/A,N/A,N/A,N/A,N/A,6.5,6.72,6.24
0,353292,2022/2023,Chelsea,EPL,17(7),1558,0,,4,0,0.3,88.7,6.48,1.2,,0.5,0.1,2.3,0.5,6.48,0.2,0.3,0.3,0,0.2,0.3,46.5,0.1,1.5,Trevoh Chalobah,,Chelsea,14,190cm,05-07-1999,England,"Defender (Centre, Right), Defensive Midfielder (C)",6.21,6.14,6.65,6.32,6.98,6.08,6.7,7.47,6.39,5.93
1,353292,2021/2022,Chelsea,EPL,17(3),1451,3,,2,0,0.5,90.6,7.03,2,,1,0.3,2.1,0.4,7.03,0.2,0.5,0.7,0,0.4,0.5,63.5,0,2.2,Trevoh Chalobah,,Chelsea,14,190cm,05-07-1999,England,"Defender (Centre, Right), Defensive Midfielder (C)",6.21,6.14,6.65,6.32,6.98,6.08,6.7,7.47,6.39,5.93
0,115868,2022/2023,Chelsea,EPL,6(12),653,0,,1,0,0.9,73.4,6.45,1.1,,0.7,0.1,0.3,0.3,6.45,0.8,0.8,0.8,0.2,0.7,0.7,17.6,0.7,0.8,Hakim Ziyech,,Chelsea,22,180cm,19-03-1993,Morocco,"Midfielder (Centre, Left, Right)",6.92,6.36,6.2,6.73,5.44,5.98,5.93,7.38,6.21,6.49
1,115868,2021/2022,Chelsea,EPL,14(9),1317,4,,3,0,2.3,81.2,6.92,0.8,,1,0,0.3,1.1,6.92,1.3,1.2,1.3,0.2,1,2,27.5,0.8,1,Hakim Ziyech,,Chelsea,22,180cm,19-03-1993,Morocco,"Midfielder (Centre, Left, Right)",6.92,6.36,6.2,6.73,5.44,5.98,5.93,7.38,6.21,6.49
2,115868,2020/2021,Chelsea,EPL,15(8),1180,2,,3,0,1.5,79.1,6.71,0.6,,0.8,0,0,0.6,6.71,1.5,0.8,0.7,0.2,0.7,1.3,29,0.5,1.1,Hakim Ziyech,,Chelsea,22,180cm,19-03-1993,Morocco,"Midfielder (Centre, Left, Right)",6.92,6.36,6.2,6.73,5.44,5.98,5.93,7.38,6.21,6.49
0,252419,2022/2023,Chelsea,EPL,5(2),413,0,,0,0,0.3,88.8,6.37,1.3,,0.7,0,1.1,0.9,6.37,0.1,0.7,0.3,0,1.3,0.6,25.4,0,0.4,Denis Zakaria,,Chelsea,28,189cm,20-11-1996,Switzerland,"Defender (Centre), Defensive Midfielder (C)",6.51,6.62,N/A,6.23,6.35,6.38,6.2,7.52,8.02,5.8
0,321390,2022/2023,Chelsea,EPL,9(1),855,0,,1,0,0,76.9,6.36,0,,0,0,0.7,0,6.36,0,0,0.2,0,0,0,24.2,0,4.2,Édouard Mendy,,Chelsea,16,194cm,01-03-1992,Senegal,Goalkeeper,6.47,6.36,6.43,8.13,6.43,5.48,6.94,6.34,5.54,5.06
1,321390,2021/2022,Chelsea,EPL,34,3060,0,,3,0,0,82,6.68,0,,0,0,0.7,0.1,6.68,0,0,0.1,0,0,0.1,23.6,0,3.5,Édouard Mendy,,Chelsea,16,194cm,01-03-1992,Senegal,Goalkeeper,6.47,6.36,6.43,8.13,6.43,5.48,6.94,6.34,5.54,5.06
2,321390,2020/2021,Chelsea,EPL,31,2746,0,,2,0,0,83.3,6.56,0,,0,0,0.4,0,6.56,0,0,0.1,0,0,0,29,0,3.5,Édouard Mendy,,Chelsea,16,194cm,01-03-1992,Senegal,Goalkeeper,6.47,6.36,6.43,8.13,6.43,5.48,6.94,6.34,5.54,5.06
0,409376,2022/2023,Chelsea,EPL,7(8),656,0,,1,0,0.9,81.5,6.31,0.7,,0.5,0,0.1,0.6,6.31,0.7,0.9,0.8,0.1,0.7,1.9,12.3,0.3,0.3,Mykhailo Mudryk,,Chelsea,10,175cm,05-01-2001,Ukraine,Attacking Midfielder (Left),5.95,6.18,6.4,6.51,6.05,6.49,6.44,6.06,6.06,6.99
0,393407,2022/2023,Chelsea,EPL,2(10),290,1,,0,0,0.5,62.3,6.29,0.3,,0.2,0,0.1,0,6.29,0.1,0.7,0.5,0.3,0.8,1.3,4.4,0,0,Armando Broja,,Chelsea,18,191cm,10-09-2001,Albania,Forward,7.08,6.12,6.17,6.36,5.79,6.05,6.15,6.23,6.16,6.11
1,393407,2021/2022,Southampton,EPL,21(11),1981,6,,2,0,1.4,61.4,6.59,0.4,,0.9,0,0.3,0.2,6.59,0.3,1,0.8,0.4,1.6,2.1,12.4,0,0,Armando Broja,,Chelsea,18,191cm,10-09-2001,Albania,Forward,7.08,6.12,6.17,6.36,5.79,6.05,6.15,6.23,6.16,6.11
2,393407,2019/2020,Chelsea,EPL,0(1),4,0,,0,0,0,100,6.02,0,,0,0,0,0,6.02,0,0,1,0,1,0,1,0,0,Armando Broja,,Chelsea,18,191cm,10-09-2001,Albania,Forward,7.08,6.12,6.17,6.36,5.79,6.05,6.15,6.23,6.16,6.11
0,302692,2022/2023,Chelsea,EPL,8(15),812,1,,1,0,0.8,83.9,6.28,0.5,,0.4,0,0.2,0.1,6.28,0.5,0.6,0.7,0,0.6,1.1,11.9,0.1,0.3,Christian Pulisic,,Chelsea,10,179cm,18-09-1998,USA,"Midfielder (Centre, Left, Right), Forward",6.64,6.2,5.91,6.16,6.51,6.18,5.84,6.64,6,5.98
1,302692,2021/2022,Chelsea,EPL,13(9),1286,6,,2,0,1.3,80.3,6.67,0.5,,0.7,0,0.4,0.6,6.67,0.7,1.1,1.4,0.2,1.1,2.3,19.9,0.1,0.3,Christian Pulisic,,Chelsea,10,179cm,18-09-1998,USA,"Midfielder (Centre, Left, Right), Forward",6.64,6.2,5.91,6.16,6.51,6.18,5.84,6.64,6,5.98
2,302692,2020/2021,Chelsea,EPL,18(9),1738,4,,2,0,1.6,82.9,6.74,0.7,,0.5,0,0.3,0.5,6.74,0.9,1.8,1.2,0.1,1.1,2.5,24.5,0.2,0.4,Christian Pulisic,,Chelsea,10,179cm,18-09-1998,USA,"Midfielder (Centre, Left, Right), Forward",6.64,6.2,5.91,6.16,6.51,6.18,5.84,6.64,6,5.98
3,302692,2019/2020,Chelsea,EPL,19(6),1727,9,,0,0,2.5,79.9,7.18,0.9,,0.6,0,0.3,0.7,7.18,1.2,2.2,1.2,0.1,2.5,2.1,26.7,0.2,0.8,Christian Pulisic,,Chelsea,10,179cm,18-09-1998,USA,"Midfielder (Centre, Left, Right), Forward",6.64,6.2,5.91,6.16,6.51,6.18,5.84,6.64,6,5.98
0,410639,2022/2023,Chelsea,EPL,2(11),315,0,,0,0,0.4,87.6,6.25,1,,0.1,0,0.1,0.2,6.25,0.3,0.5,0.3,0.1,0.2,0.8,13.6,0.2,0.2,Carney Chukwuemeka,,Chelsea,30,187cm,20-10-2003,England,Midfielder,6.77,N/A,6.18,6.45,6.13,6.61,6,5.91,6.21,6.29
1,410639,2021/2022,Aston Villa,EPL,2(10),295,0,,0,0,0.3,81.7,6.20,0.6,,0.3,0,0.2,0.2,6.20,0.2,0.5,0.8,0,0.5,0.8,10,0,0.2,Carney Chukwuemeka,,Chelsea,30,187cm,20-10-2003,England,Midfielder,6.77,N/A,6.18,6.45,6.13,6.61,6,5.91,6.21,6.29
2,410639,2020/2021,Aston Villa,EPL,0(2),18,0,,0,0,0.5,66.7,6.22,1,,1,0,0,1,6.22,0,0,0,0,0,0.5,4.5,0,0.5,Carney Chukwuemeka,,Chelsea,30,187cm,20-10-2003,England,Midfielder,6.77,N/A,6.18,6.45,6.13,6.61,6,5.91,6.21,6.29
0,44120,2022/2023,Chelsea,EPL,5(10),551,1,,1,0,1.1,75,6.12,0.1,,0.3,0,0.3,0.1,6.12,0.3,0.2,0.1,0,0.3,0.7,7.2,0.1,0.1,Pierre-Emerick Aubameyang,,Chelsea,17,187cm,18-06-1989,Gabon,"Midfielder (Centre, Left, Right), Forward",5.9,6.07,5.83,5.62,6.4,5.98,5.98,6.08,6.21,5.74
1,44120,2021/2022,Arsenal,EPL,12(2),1040,4,,3,0,2.5,70.1,6.74,0.8,,1.1,0,0.3,0.5,6.74,0.6,0.1,0.6,0.7,0.3,1.1,13.9,0,0.2,Pierre-Emerick Aubameyang,,Chelsea,17,187cm,18-06-1989,Gabon,"Midfielder (Centre, Left, Right), Forward",5.9,6.07,5.83,5.62,6.4,5.98,5.98,6.08,6.21,5.74
2,44120,2020/2021,Arsenal,EPL,26(3),2337,10,,2,0,2,78,6.78,0.4,,0.4,0,0.5,0.6,6.78,0.8,0.4,0.6,0.6,0.7,1.3,21.5,0.3,0.4,Pierre-Emerick Aubameyang,,Chelsea,17,187cm,18-06-1989,Gabon,"Midfielder (Centre, Left, Right), Forward",5.9,6.07,5.83,5.62,6.4,5.98,5.98,6.08,6.21,5.74
3,44120,2019/2020,Arsenal,EPL,35(1),3139,22,,3,1,2.6,72.2,7.03,0.9,,0.4,0,0.4,1.1,7.03,0.7,0.5,0.6,0.6,0.9,1.6,22.7,0.6,0.3,Pierre-Emerick Aubameyang,,Chelsea,17,187cm,18-06-1989,Gabon,"Midfielder (Centre, Left, Right), Forward",5.9,6.07,5.83,5.62,6.4,5.98,5.98,6.08,6.21,5.74
4,44120,2018/2019,Arsenal,EPL,30(6),2733,22,,0,0,2.6,74,7.10,0.6,,0.4,0,0.5,0.6,7.10,0.9,0.8,0.6,0.6,0.9,1.7,19.2,0.3,0.3,Pierre-Emerick Aubameyang,,Chelsea,17,187cm,18-06-1989,Gabon,"Midfielder (Centre, Left, Right), Forward",5.9,6.07,5.83,5.62,6.4,5.98,5.98,6.08,6.21,5.74
5,44120,2017/2018,Arsenal,EPL,12(1),1058,10,,0,0,2.4,69.4,7.33,0.4,,0.1,0,0.5,0.5,7.33,1,0.8,0.6,0.8,0.9,0.9,24.4,0.2,0.4,Pierre-Emerick Aubameyang,,Chelsea,17,187cm,18-06-1989,Gabon,"Midfielder (Centre, Left, Right), Forward",5.9,6.07,5.83,5.62,6.4,5.98,5.98,6.08,6.21,5.74
0,430908,2022/2023,Chelsea,EPL,0(1),22,0,,0,0,0,80,6.03,0,,0,0,0,0,6.03,0,0,0,0,1,1,10,0,0,Omari Hutchinson,,Chelsea,56,174cm,29-10-2003,England,Midfielder,N/A,6.03,N/A,,,,,,,
